journey,build,round,reps,median_ns,proc_wall_s,proc_cpu_s,others_busy
search-qbf-20-2,opt1,0,8,37165157,0.303,0.301,0.015
search-qbf-20-2,opt2,0,8,35850239,0.288,0.287,0.106
search-qbf-20-2,opt3,0,8,35196498,0.284,0.283,0.128
search-qbf-20-2,opt2,1,8,35334778,0.285,0.284,0.086
search-qbf-20-2,opt3,1,8,35155504,0.280,0.279,0.076
search-qbf-20-2,opt1,1,8,38846677,0.312,0.311,0.071
search-qbf-20-2,opt3,2,8,34483905,0.279,0.278,0.096
search-qbf-20-2,opt1,2,8,38420209,0.311,0.310,0.067
search-qbf-20-2,opt2,2,8,35134893,0.285,0.284,0.122
search-qbf-20-2,opt1,3,8,39024360,0.314,0.313,0.097
search-qbf-20-2,opt2,3,8,34674744,0.282,0.281,0.106
search-qbf-20-2,opt3,3,8,34726048,0.280,0.279,0.124
search-qbf-20-2,opt2,4,8,35458353,0.287,0.286,0.110
search-qbf-20-2,opt3,4,8,34977832,0.282,0.281,0.128
search-qbf-20-2,opt1,4,8,39478730,0.318,0.316,0.094
search-chain-128,opt1,0,7,49674820,0.349,0.347,0.117
search-chain-128,opt2,0,7,43812730,0.307,0.305,0.097
search-chain-128,opt3,0,7,41996168,0.296,0.295,0.129
search-chain-128,opt2,1,7,43144827,0.304,0.303,0.096
search-chain-128,opt3,1,7,42299883,0.297,0.295,0.144
search-chain-128,opt1,1,7,49915697,0.352,0.351,0.098
search-chain-128,opt3,2,7,41836120,0.295,0.294,0.101
search-chain-128,opt1,2,7,49738173,0.350,0.348,0.087
search-chain-128,opt2,2,7,42968279,0.302,0.301,0.102
search-chain-128,opt1,3,7,49512445,0.349,0.348,0.072
search-chain-128,opt2,3,7,43318805,0.304,0.303,0.152
search-chain-128,opt3,3,7,41718876,0.294,0.293,0.073
search-chain-128,opt2,4,7,43509591,0.306,0.306,0.085
search-chain-128,opt3,4,7,42465403,0.298,0.297,0.168
search-chain-128,opt1,4,7,50306236,0.355,0.354,0.256
search-partition-no-5,opt1,0,200,448294,0.095,0.094,0.067
search-partition-no-5,opt2,0,200,406440,0.086,0.086,0.108
search-partition-no-5,opt3,0,200,402715,0.085,0.085,0.091
search-partition-no-5,opt2,1,200,407862,0.086,0.086,0.079
search-partition-no-5,opt3,1,200,402607,0.085,0.085,0.119
search-partition-no-5,opt1,1,200,451625,0.096,0.096,0.412
search-partition-no-5,opt3,2,200,426087,0.123,0.090,0.984
search-partition-no-5,opt1,2,200,495040,0.163,0.105,0.996
search-partition-no-5,opt2,2,200,441674,0.098,0.093,0.948
search-partition-no-5,opt1,3,200,496739,0.118,0.105,0.845
search-partition-no-5,opt2,3,200,447499,0.095,0.094,0.958
search-partition-no-5,opt3,3,200,445267,0.102,0.094,0.801
search-partition-no-5,opt2,4,200,453109,0.101,0.096,0.840
search-partition-no-5,opt3,4,200,445587,0.097,0.094,0.598
search-partition-no-5,opt1,4,200,491707,0.105,0.104,0.532
search-wide-m2-256,opt1,0,31,10590248,0.341,0.337,0.481
search-wide-m2-256,opt2,0,31,11109892,0.353,0.350,0.492
search-wide-m2-256,opt3,0,31,10004701,0.321,0.314,0.408
search-wide-m2-256,opt2,1,31,10949568,0.345,0.344,0.404
search-wide-m2-256,opt3,1,31,10095875,0.319,0.318,0.411
search-wide-m2-256,opt1,1,31,10709911,0.341,0.338,0.405
search-wide-m2-256,opt3,2,31,9907892,0.316,0.312,0.440
search-wide-m2-256,opt1,2,31,10585612,0.336,0.335,0.301
search-wide-m2-256,opt2,2,31,10796220,0.344,0.340,0.243
search-wide-m2-256,opt1,3,31,10376259,0.329,0.327,0.257
search-wide-m2-256,opt2,3,31,10423274,0.332,0.331,0.266
search-wide-m2-256,opt3,3,31,9914234,0.312,0.310,0.281
search-wide-m2-256,opt2,4,31,10557631,0.334,0.332,0.217
search-wide-m2-256,opt3,4,31,9533972,0.301,0.300,0.177
search-wide-m2-256,opt1,4,31,10424618,0.331,0.329,0.310
search-spec-chain,opt1,0,193,1923115,0.665,0.663,0.292
search-spec-chain,opt2,0,193,1613606,0.547,0.545,0.306
search-spec-chain,opt3,0,193,1570016,0.530,0.529,0.288
search-spec-chain,opt2,1,193,1623427,0.549,0.546,0.279
search-spec-chain,opt3,1,193,1598634,0.541,0.539,0.336
search-spec-chain,opt1,1,193,1888083,0.647,0.645,0.238
search-spec-chain,opt3,2,193,1568189,0.529,0.527,0.209
search-spec-chain,opt1,2,193,1868528,0.647,0.645,0.139
search-spec-chain,opt2,2,193,1576792,0.530,0.528,0.120
search-spec-chain,opt1,3,193,1843883,0.630,0.628,0.115
search-spec-chain,opt2,3,193,1595074,0.535,0.533,0.171
search-spec-chain,opt3,3,193,1508558,0.508,0.506,0.103
search-spec-chain,opt2,4,193,1544965,0.521,0.518,0.114
search-spec-chain,opt3,4,193,1509445,0.507,0.506,0.101
search-spec-chain,opt1,4,193,1870872,0.638,0.635,0.238
search-chain-64-intuitionistic,opt1,0,51,6828923,0.352,0.351,0.366
search-chain-64-intuitionistic,opt2,0,51,5962905,0.309,0.307,0.323
search-chain-64-intuitionistic,opt3,0,51,5756305,0.297,0.295,0.294
search-chain-64-intuitionistic,opt2,1,51,5939681,0.306,0.305,0.310
search-chain-64-intuitionistic,opt3,1,51,5819026,0.300,0.299,0.331
search-chain-64-intuitionistic,opt1,1,51,6786857,0.350,0.348,0.302
search-chain-64-intuitionistic,opt3,2,51,5716830,0.296,0.295,0.263
search-chain-64-intuitionistic,opt1,2,51,6808717,0.351,0.350,0.260
search-chain-64-intuitionistic,opt2,2,51,5805259,0.300,0.299,0.208
search-chain-64-intuitionistic,opt1,3,51,6781540,0.350,0.349,0.301
search-chain-64-intuitionistic,opt2,3,51,5917708,0.307,0.305,0.335
search-chain-64-intuitionistic,opt3,3,51,5716825,0.295,0.294,0.165
search-chain-64-intuitionistic,opt2,4,51,5805975,0.300,0.299,0.223
search-chain-64-intuitionistic,opt3,4,51,5742172,0.298,0.295,0.252
search-chain-64-intuitionistic,opt1,4,51,6758496,0.348,0.347,0.206
search-additive-14,opt1,0,5,73238902,0.423,0.421,0.237
search-additive-14,opt2,0,5,61348343,0.359,0.357,0.201
search-additive-14,opt3,0,5,59297160,0.348,0.347,0.237
search-additive-14,opt2,1,5,60621390,0.355,0.353,0.205
search-additive-14,opt3,1,5,58778103,0.347,0.345,0.215
search-additive-14,opt1,1,5,73643254,0.423,0.422,0.216
search-additive-14,opt3,2,5,60026698,0.350,0.348,0.216
search-additive-14,opt1,2,5,72747763,0.417,0.416,0.205
search-additive-14,opt2,2,5,60515098,0.359,0.356,0.213
search-additive-14,opt1,3,5,73026497,0.419,0.418,0.218
search-additive-14,opt2,3,5,60478764,0.355,0.353,0.200
search-additive-14,opt3,3,5,56677811,0.339,0.336,0.119
search-additive-14,opt2,4,5,62525795,0.350,0.348,0.190
search-additive-14,opt3,4,5,60471143,0.349,0.347,0.248
search-additive-14,opt1,4,5,70408538,0.409,0.407,0.127
read-text,opt1,0,200,1216799,0.595,0.593,0.130
read-text,opt2,0,200,1001298,0.521,0.518,0.109
read-text,opt3,0,200,947844,0.485,0.484,0.146
read-text,opt2,1,200,1014176,0.525,0.523,0.149
read-text,opt3,1,200,957060,0.489,0.487,0.197
read-text,opt1,1,200,1181424,0.590,0.585,0.217
read-text,opt3,2,200,951018,0.486,0.485,0.118
read-text,opt1,2,200,1174701,0.584,0.582,0.188
read-text,opt2,2,200,1043158,0.530,0.528,0.345
read-text,opt1,3,200,1228156,0.603,0.600,0.217
read-text,opt2,3,200,1032791,0.521,0.519,0.207
read-text,opt3,3,200,961756,0.492,0.490,0.189
read-text,opt2,4,200,1073566,0.526,0.524,0.157
read-text,opt3,4,200,947259,0.485,0.484,0.150
read-text,opt1,4,200,1209864,0.592,0.590,0.185
read-json,opt1,0,200,596992,0.576,0.574,0.189
read-json,opt2,0,200,405952,0.395,0.392,0.185
read-json,opt3,0,200,394000,0.382,0.381,0.213
read-json,opt2,1,200,407915,0.394,0.393,0.203
read-json,opt3,1,200,389801,0.377,0.376,0.193
read-json,opt1,1,200,585902,0.562,0.560,0.200
read-json,opt3,2,200,389039,0.380,0.378,0.197
read-json,opt1,2,200,560652,0.557,0.556,0.141
read-json,opt2,2,200,398658,0.388,0.387,0.138
read-json,opt1,3,200,586795,0.572,0.571,0.147
read-json,opt2,3,200,393959,0.394,0.392,0.067
read-json,opt3,3,200,384936,0.372,0.371,0.120
read-json,opt2,4,200,393178,0.381,0.380,0.022
read-json,opt3,4,200,386465,0.376,0.373,0.142
read-json,opt1,4,200,555632,0.554,0.552,0.158
read-lltp,opt1,0,191,2031490,0.422,0.420,0.138
read-lltp,opt2,0,191,1597335,0.336,0.335,0.095
read-lltp,opt3,0,191,1547484,0.327,0.326,0.095
read-lltp,opt2,1,191,1590373,0.335,0.334,0.084
read-lltp,opt3,1,191,1548149,0.328,0.327,0.088
read-lltp,opt1,1,191,1987518,0.414,0.413,0.079
read-lltp,opt3,2,191,1565583,0.330,0.329,0.124
read-lltp,opt1,2,191,2022556,0.420,0.419,0.068
read-lltp,opt2,2,191,1580257,0.332,0.331,0.045
read-lltp,opt1,3,191,2009311,0.419,0.417,0.035
read-lltp,opt2,3,191,1616250,0.339,0.338,0.039
read-lltp,opt3,3,191,1515495,0.320,0.318,0.045
read-lltp,opt2,4,191,1572386,0.331,0.330,0.065
read-lltp,opt3,4,191,1516453,0.320,0.319,0.033
read-lltp,opt1,4,191,1975077,0.412,0.410,0.081
read-tptp,opt1,0,200,2089670,0.455,0.454,0.114
read-tptp,opt2,0,200,1414334,0.318,0.317,0.109
read-tptp,opt3,0,200,1313860,0.298,0.297,0.073
read-tptp,opt2,1,200,1406900,0.316,0.315,0.082
read-tptp,opt3,1,200,1332186,0.301,0.300,0.110
read-tptp,opt1,1,200,2099545,0.460,0.456,0.066
read-tptp,opt3,2,200,1296502,0.294,0.293,0.034
read-tptp,opt1,2,200,2097266,0.457,0.455,0.056
read-tptp,opt2,2,200,1417173,0.318,0.317,0.096
read-tptp,opt1,3,200,2104581,0.459,0.458,0.099
read-tptp,opt2,3,200,1427352,0.319,0.318,0.116
read-tptp,opt3,3,200,1290814,0.293,0.292,0.083
read-tptp,opt2,4,200,1427230,0.319,0.319,0.085
read-tptp,opt3,4,200,1314200,0.298,0.296,0.086
read-tptp,opt1,4,200,2076562,0.453,0.452,0.080
read-spec,opt1,0,200,1346383,0.310,0.309,0.091
read-spec,opt2,0,200,1110919,0.260,0.259,0.092
read-spec,opt3,0,200,1081794,0.254,0.253,0.110
read-spec,opt2,1,200,1104433,0.259,0.258,0.142
read-spec,opt3,1,200,1067698,0.251,0.250,0.079
read-spec,opt1,1,200,1337382,0.309,0.307,0.032
read-spec,opt3,2,200,1058966,0.249,0.248,0.010
read-spec,opt1,2,200,1331970,0.308,0.307,0.011
read-spec,opt2,2,200,1091293,0.256,0.255,0.136
read-spec,opt1,3,200,1376863,0.317,0.316,0.099
read-spec,opt2,3,200,1093816,0.257,0.256,0.102
read-spec,opt3,3,200,1074927,0.253,0.252,0.096
read-spec,opt2,4,200,1108054,0.260,0.258,0.088
read-spec,opt3,4,200,1074098,0.253,0.252,0.077
read-spec,opt1,4,200,1333326,0.308,0.306,0.085
check-qbf-20-2,opt1,0,37,8612350,1.740,1.735,0.072
check-qbf-20-2,opt2,0,37,7679105,1.577,1.572,0.099
check-qbf-20-2,opt3,0,37,7906847,1.574,1.570,0.110
check-qbf-20-2,opt2,1,37,7671999,1.591,1.583,0.099
check-qbf-20-2,opt3,1,37,8060815,1.601,1.584,0.187
check-qbf-20-2,opt1,1,37,9615368,2.085,1.978,0.625
check-qbf-20-2,opt3,2,37,8911400,1.769,1.762,0.373
check-qbf-20-2,opt1,2,37,9412484,1.914,1.908,0.234
check-qbf-20-2,opt2,2,37,8191642,1.727,1.721,0.280
check-qbf-20-2,opt1,3,37,9278540,1.910,1.904,0.254
check-qbf-20-2,opt2,3,37,8040571,1.668,1.663,0.151
check-qbf-20-2,opt3,3,37,8208797,1.603,1.599,0.121
check-qbf-20-2,opt2,4,37,7889093,1.597,1.592,0.102
check-qbf-20-2,opt3,4,37,8546241,1.694,1.688,0.311
check-qbf-20-2,opt1,4,37,9150391,1.883,1.878,0.270
check-wide-m1-2048,opt1,0,200,546188,126.532,126.181,0.149
check-wide-m1-2048,opt2,0,200,492397,123.286,122.933,0.164
check-wide-m1-2048,opt3,0,200,506177,116.828,116.461,0.169
check-wide-m1-2048,opt2,1,200,497930,124.996,124.588,0.180
check-wide-m1-2048,opt3,1,200,514771,117.959,117.587,0.189
check-wide-m1-2048,opt1,1,200,547158,127.159,126.783,0.178
check-wide-m1-2048,opt3,2,200,515701,116.860,116.499,0.162
check-wide-m1-2048,opt1,2,200,540261,117.943,117.712,0.012
check-wide-m1-2048,opt2,2,200,485987,115.186,114.992,0.007
check-wide-m1-2048,opt1,3,200,602408,116.278,116.107,0.007
check-wide-m1-2048,opt2,3,200,484021,115.552,115.393,0.008
check-wide-m1-2048,opt3,3,200,501779,107.454,107.297,0.007
check-wide-m1-2048,opt2,4,200,487682,115.684,115.525,0.007
check-wide-m1-2048,opt3,4,200,505233,107.665,107.518,0.007
check-wide-m1-2048,opt1,4,200,536433,115.467,115.164,0.007
derivation-chain-64,opt1,0,200,712033,1.358,1.355,0.011
derivation-chain-64,opt2,0,200,646120,1.177,1.175,0.010
derivation-chain-64,opt3,0,200,635581,1.145,1.142,0.009
derivation-chain-64,opt2,1,200,645989,1.174,1.171,0.006
derivation-chain-64,opt3,1,200,629996,1.152,1.150,0.003
derivation-chain-64,opt1,1,200,716556,1.354,1.351,0.010
derivation-chain-64,opt3,2,200,659615,1.153,1.150,0.006
derivation-chain-64,opt1,2,200,732871,1.356,1.354,0.007
derivation-chain-64,opt2,2,200,646772,1.169,1.166,0.013
derivation-chain-64,opt1,3,200,704775,1.359,1.356,0.008
derivation-chain-64,opt2,3,200,643796,1.176,1.173,0.006
derivation-chain-64,opt3,3,200,625858,1.150,1.147,0.006
derivation-chain-64,opt2,4,200,644366,1.170,1.168,0.007
derivation-chain-64,opt3,4,200,629836,1.152,1.150,0.006
derivation-chain-64,opt1,4,200,742355,1.362,1.360,0.006
render-latex,opt1,0,200,300727,1.286,1.284,0.005
render-latex,opt2,0,200,229417,1.092,1.090,0.004
render-latex,opt3,0,200,226208,1.070,1.068,0.005
render-latex,opt2,1,200,231584,1.099,1.097,0.005
render-latex,opt3,1,200,228455,1.076,1.074,0.003
render-latex,opt1,1,200,303046,1.288,1.286,0.007
render-latex,opt3,2,200,225568,1.079,1.077,0.006
render-latex,opt1,2,200,303738,1.288,1.285,0.007
render-latex,opt2,2,200,230001,1.102,1.100,0.005
render-latex,opt1,3,200,302077,1.287,1.285,0.010
render-latex,opt2,3,200,230651,1.098,1.096,0.007
render-latex,opt3,3,200,226553,1.079,1.078,0.006
render-latex,opt2,4,200,228643,1.102,1.099,0.004
render-latex,opt3,4,200,227016,1.077,1.075,0.012
render-latex,opt1,4,200,301488,1.288,1.285,0.008
render-typst,opt1,0,200,266280,1.279,1.277,0.004
render-typst,opt2,0,200,193829,1.091,1.089,0.009
render-typst,opt3,0,200,192284,1.071,1.069,0.003
render-typst,opt2,1,200,195949,1.093,1.091,0.009
render-typst,opt3,1,200,194449,1.068,1.066,0.007
render-typst,opt1,1,200,267917,1.280,1.278,0.002
render-typst,opt3,2,200,194055,1.069,1.067,0.016
render-typst,opt1,2,200,268309,1.281,1.279,0.003
render-typst,opt2,2,200,196270,1.098,1.096,0.005
render-typst,opt1,3,200,266868,1.280,1.277,0.009
render-typst,opt2,3,200,195569,1.091,1.089,0.007
render-typst,opt3,3,200,193313,1.068,1.064,0.004
render-typst,opt2,4,200,193245,1.092,1.090,0.007
render-typst,opt3,4,200,192830,1.069,1.067,0.007
render-typst,opt1,4,200,268636,1.280,1.277,0.017
render-svg,opt1,0,81,3968014,0.821,0.820,0.007
render-svg,opt2,0,81,3414888,0.706,0.704,0.005
render-svg,opt3,0,81,3381656,0.693,0.691,0.003
render-svg,opt2,1,81,3448372,0.708,0.707,0.007
render-svg,opt3,1,81,3387086,0.695,0.693,0.013
render-svg,opt1,1,81,3970003,0.823,0.821,0.005
render-svg,opt3,2,81,3398811,0.695,0.693,0.007
render-svg,opt1,2,81,3961879,0.820,0.818,0.005
render-svg,opt2,2,81,3456587,0.709,0.707,0.007
render-svg,opt1,3,81,3993421,0.823,0.821,0.006
render-svg,opt2,3,81,3475975,0.707,0.705,0.005
render-svg,opt3,3,81,3407187,0.692,0.691,0.008
render-svg,opt2,4,81,3444984,0.709,0.707,0.005
render-svg,opt3,4,81,3423398,0.697,0.696,0.004
render-svg,opt1,4,81,3953912,0.820,0.819,0.004
batch-families,opt1,0,93,3666747,0.366,0.365,0.011
batch-families,opt2,0,93,3298907,0.329,0.328,0.006
batch-families,opt3,0,93,3185777,0.317,0.317,0.021
batch-families,opt2,1,93,3298545,0.330,0.329,0.008
batch-families,opt3,1,93,3180161,0.317,0.317,0.002
batch-families,opt1,1,93,3665525,0.366,0.365,0.005
batch-families,opt3,2,93,3181153,0.317,0.316,0.010
batch-families,opt1,2,93,3669057,0.366,0.365,0.004
batch-families,opt2,2,93,3295525,0.329,0.328,0.000
batch-families,opt1,3,93,3658888,0.365,0.364,0.009
batch-families,opt2,3,93,3298234,0.329,0.328,0.006
batch-families,opt3,3,93,3171772,0.316,0.316,0.012
batch-families,opt2,4,93,3301501,0.329,0.328,0.008
batch-families,opt3,4,93,3184376,0.318,0.316,0.004
batch-families,opt1,4,93,3655532,0.365,0.364,0.015
ordinary-pigeons,opt1,0,143,2425809,0.350,0.349,0.013
ordinary-pigeons,opt2,0,143,2069990,0.299,0.298,0.015
ordinary-pigeons,opt3,0,143,2067290,0.297,0.296,0.000
ordinary-pigeons,opt2,1,143,2070141,0.299,0.298,0.011
ordinary-pigeons,opt3,1,143,2029524,0.296,0.294,0.007
ordinary-pigeons,opt1,1,143,2415467,0.348,0.347,0.006
ordinary-pigeons,opt3,2,143,2081554,0.299,0.298,0.007
ordinary-pigeons,opt1,2,143,2414677,0.349,0.348,0.002
ordinary-pigeons,opt2,2,143,2092608,0.302,0.301,0.002
ordinary-pigeons,opt1,3,143,2412074,0.348,0.347,0.009
ordinary-pigeons,opt2,3,143,2096727,0.303,0.302,0.009
ordinary-pigeons,opt3,3,143,2061562,0.298,0.297,0.004
ordinary-pigeons,opt2,4,143,2096416,0.302,0.301,0.004
ordinary-pigeons,opt3,4,143,2022662,0.293,0.292,0.009
ordinary-pigeons,opt1,4,143,2445153,0.353,0.352,0.007
