journey,instructions
search-qbf-20-2,636039975
search-chain-128,1202711198
search-partition-no-5,8279423
search-wide-m2-256,260393363
search-spec-chain,38432968
search-chain-64-intuitionistic,152125889
search-additive-14,591397326
read-text,17391770
read-json,12607833
read-lltp,32171243
read-tptp,32260646
read-spec,19605714
check-qbf-20-2,136738432
check-wide-m1-2048,8797070
derivation-chain-64,9734603
render-latex,5736242
render-typst,4787843
render-svg,84853287
batch-families,79916040
ordinary-pigeons,32671456
