source,family,size,index,problem,mode,engine_requested,jobs,test_period,timeout_s,run,copies,expected,verdict,reason,checked,engine,fragment,occurrences,multiplicity,time_ms,nodes,memo_hits,memo_entries,splits,links,tests,recursion_limit,cpu_ms,wait_ms,bias,forward_copies,check_ms,memory_limit,copies_reached,pool_after
family,3-partition-no,4,0,3-partition-no/4,classical,auto,1,,300,0,3,unprovable,unprovable,,,focus,MALL,99,8,0.314,923,713,210,2794,0,0,2048,0.000,0.000,auto,30,,1073741824,0,
family,3-partition-no,4,0,3-partition-no/4,classical,auto,1,,300,1,3,unprovable,unprovable,,,focus,MALL,99,8,0.307,923,713,210,2794,0,0,2048,0.000,0.000,auto,30,,1073741824,0,
family,3-partition-no,4,0,3-partition-no/4,classical,auto,1,,300,2,3,unprovable,unprovable,,,focus,MALL,99,8,0.309,923,713,210,2794,0,0,2048,0.000,0.000,auto,30,,1073741824,0,
family,3-partition-no,5,0,3-partition-no/5,classical,auto,1,,300,0,3,unprovable,unprovable,,,focus,MALL,109,10,0.369,971,733,238,3294,0,0,2048,0.000,0.000,auto,30,,1073741824,0,
family,3-partition-no,5,0,3-partition-no/5,classical,auto,1,,300,1,3,unprovable,unprovable,,,focus,MALL,109,10,0.340,971,733,238,3294,0,0,2048,0.000,0.000,auto,30,,1073741824,0,
family,3-partition-no,5,0,3-partition-no/5,classical,auto,1,,300,2,3,unprovable,unprovable,,,focus,MALL,109,10,0.331,971,733,238,3294,0,0,2048,0.000,0.000,auto,30,,1073741824,0,
family,partition-yes,5,0,partition-yes/5,classical,auto,1,,300,0,3,provable,proved,,ok,focus,MLL,126,12,0.089,30,7,23,157,0,0,2048,0.000,0.000,auto,30,0.009,1073741824,0,
family,partition-yes,5,0,partition-yes/5,classical,auto,1,,300,1,3,provable,proved,,ok,focus,MLL,126,12,0.085,30,7,23,157,0,0,2048,0.000,0.000,auto,30,0.008,1073741824,0,
family,partition-yes,5,0,partition-yes/5,classical,auto,1,,300,2,3,provable,proved,,ok,focus,MLL,126,12,0.085,30,7,23,157,0,0,2048,0.000,0.000,auto,30,0.009,1073741824,0,
family,partition-yes,6,0,partition-yes/6,classical,auto,1,,300,0,3,provable,proved,,ok,focus,MLL,164,16,0.130,93,42,51,542,0,0,2048,0.000,0.000,auto,30,0.010,1073741824,0,
family,partition-yes,6,0,partition-yes/6,classical,auto,1,,300,1,3,provable,proved,,ok,focus,MLL,164,16,0.132,93,42,51,542,0,0,2048,0.000,0.000,auto,30,0.010,1073741824,0,
family,partition-yes,6,0,partition-yes/6,classical,auto,1,,300,2,3,provable,proved,,ok,focus,MLL,164,16,0.125,93,42,51,542,0,0,2048,0.000,0.000,auto,30,0.011,1073741824,0,
family,partition-yes,7,0,partition-yes/7,classical,auto,1,,300,0,3,provable,proved,,ok,focus,MLL,266,28,0.201,178,97,81,1097,0,0,2048,0.000,0.000,auto,30,0.015,1073741824,0,
family,partition-yes,7,0,partition-yes/7,classical,auto,1,,300,1,3,provable,proved,,ok,focus,MLL,266,28,0.207,178,97,81,1097,0,0,2048,0.000,0.000,auto,30,0.015,1073741824,0,
family,partition-yes,7,0,partition-yes/7,classical,auto,1,,300,2,3,provable,proved,,ok,focus,MLL,266,28,0.204,178,97,81,1097,0,0,2048,0.000,0.000,auto,30,0.015,1073741824,0,
family,partition-no,4,0,partition-no/4,classical,auto,1,,300,0,3,unprovable,unprovable,,,focus,MLL,104,10,0.143,217,136,81,939,0,0,2048,0.000,0.000,auto,30,,1073741824,0,
family,partition-no,4,0,partition-no/4,classical,auto,1,,300,1,3,unprovable,unprovable,,,focus,MLL,104,10,0.146,217,136,81,939,0,0,2048,0.000,0.000,auto,30,,1073741824,0,
family,partition-no,4,0,partition-no/4,classical,auto,1,,300,2,3,unprovable,unprovable,,,focus,MLL,104,10,0.140,217,136,81,939,0,0,2048,0.000,0.000,auto,30,,1073741824,0,
family,partition-no,5,0,partition-no/5,classical,auto,1,,300,0,3,unprovable,unprovable,,,focus,MLL,206,22,0.431,811,568,243,4161,0,0,2048,0.000,0.000,auto,30,,1073741824,0,
family,partition-no,5,0,partition-no/5,classical,auto,1,,300,1,3,unprovable,unprovable,,,focus,MLL,206,22,0.442,811,568,243,4161,0,0,2048,0.000,0.000,auto,30,,1073741824,0,
family,partition-no,5,0,partition-no/5,classical,auto,1,,300,2,3,unprovable,unprovable,,,focus,MLL,206,22,0.459,811,568,243,4161,0,0,2048,0.000,0.000,auto,30,,1073741824,0,
family,mix,8,0,mix/8,mix,auto,1,,300,0,3,unprovable,unprovable,,,focus,MALL,80,1,1097.879,524273,458738,65535,34647092,0,0,2048,1090.000,1.086,auto,30,,1073741824,0,
family,mix,8,0,mix/8,mix,auto,1,,300,1,3,unprovable,unprovable,,,focus,MALL,80,1,1107.526,524273,458738,65535,34647092,0,0,2048,1100.000,1.095,auto,30,,1073741824,0,
family,mix,8,0,mix/8,mix,auto,1,,300,2,3,unprovable,unprovable,,,focus,MALL,80,1,1106.118,524273,458738,65535,34647092,0,0,2048,1100.000,1.126,auto,30,,1073741824,0,
family,mix,9,0,mix/9,mix,auto,1,,300,0,3,unprovable,unprovable,,,focus,MALL,90,1,9480.043,2359279,2097136,262143,310906324,0,0,2048,9440.000,9.695,auto,30,,1073741824,0,
family,mix,9,0,mix/9,mix,auto,1,,300,1,3,unprovable,unprovable,,,focus,MALL,90,1,9460.204,2359279,2097136,262143,310906324,0,0,2048,9420.000,11.400,auto,30,,1073741824,0,
family,mix,9,0,mix/9,mix,auto,1,,300,2,3,unprovable,unprovable,,,focus,MALL,90,1,9447.208,2359279,2097136,262143,310906324,0,0,2048,9410.000,10.288,auto,30,,1073741824,0,
family,mix,10,0,mix/10,mix,auto,1,,300,0,3,unprovable,unprovable,,,focus,MALL,100,1,82058.033,10485741,9437166,1048575,2793831540,0,0,2048,81790.000,91.798,auto,30,,1073741824,0,
family,mix,11,0,mix/11,mix,auto,1,,300,0,3,unprovable,unknown,timeout,,focus,MALL,110,1,300006.581,40209379,36164883,1048576,10212205346,0,0,2048,299080.000,335.391,auto,30,,1073741824,0,
lltp,ILL/petri-nets/MCC,,,AirplaneLD-pt-0010_20_1.p,intuitionistic,auto,1,,5,0,3,provable,proved,,ok,horn,IMELL,812,25,0.150,16,0,16,0,0,0,2048,0.000,0.000,auto,30,0.023,1073741824,0,
lltp,ILL/petri-nets/MCC,,,BridgeAndVehicles-V10-P10-N10-unfolded_1_1.p,intuitionistic,auto,1,,5,0,3,provable,proved,,ok,horn,IMELL,4386,223,0.389,1,0,1,0,0,0,2048,0.000,0.000,auto,30,0.034,1073741824,0,
lltp,ILL/petri-nets/MCC,,,ClientsAndServers-0001-0_20_1.p,intuitionistic,auto,1,,5,0,3,provable,proved,,ok,horn,IMELL,182,9,0.067,21,0,21,0,0,0,2048,0.000,0.000,auto,30,0.013,1073741824,0,
lltp,ILL/petri-nets/MCC,,,CloudDeployment_deploy_4_a_5_1.p,intuitionistic,auto,1,,5,0,3,provable,proved,,ok,horn,IMELL,5350,158,0.577,1,0,1,0,0,0,2048,0.000,0.000,auto,30,0.044,1073741824,0,
lltp,ILL/petri-nets/MCC,,,DES_des_30_a_10_1.p,intuitionistic,auto,1,,5,0,3,provable,proved,,ok,horn,IMELL,1946,35,0.315,12,1,11,0,0,0,2048,0.000,0.000,auto,30,0.032,1073741824,0,
lltp,ILL/petri-nets/MCC,,,DLCround_dlcro_03_b_50_1.p,intuitionistic,auto,1,,5,0,3,provable,proved,,ok,horn,IMELL,9632,11,1.541,25,0,25,0,0,0,2048,0.000,0.000,auto,30,0.112,1073741824,0,
lltp,ILL/petri-nets/MCC,,,DNAwalker_dnawalk-10_1_1.p,intuitionistic,auto,1,,5,0,3,provable,proved,,ok,horn,IMELL,2608,59,0.275,1,0,1,0,0,0,2048,0.000,0.000,auto,30,0.026,1073741824,0,
lltp,ILL/petri-nets/MCC,,,Dekker_dekker-10_5_1.p,intuitionistic,auto,1,,5,0,3,provable,proved,,ok,horn,IMELL,1718,20,0.207,3,0,3,0,0,0,2048,0.000,0.000,auto,30,0.019,1073741824,0,
lltp,ILL/petri-nets/MCC,,,Eratosthenes_eratosthenes-050_5_1.p,intuitionistic,auto,1,,5,0,3,provable,proved,,ok,horn,IMELL,832,25,0.147,5,0,5,0,0,0,2048,0.000,0.000,auto,30,0.021,1073741824,0,
lltp,ILL/petri-nets/MCC,,,FMS-10_10_1.p,intuitionistic,auto,1,,5,0,3,provable,proved,,ok,horn,IMELL,242,12,0.064,10,0,10,0,0,0,2048,0.000,0.000,auto,30,0.012,1073741824,0,
lltp,ILL/petri-nets/MCC,,,HexagonalGrid_hxg_126_5_1.p,intuitionistic,auto,1,,5,0,3,provable,proved,,ok,horn,IMELL,454,38,0.083,5,0,5,0,0,0,2048,0.000,0.000,auto,30,0.013,1073741824,0,
lltp,ILL/petri-nets/MCC,,,IOTPpurchase_IOTP_c1m1p1d1_20_1.p,intuitionistic,auto,1,,5,0,3,provable,proved,,ok,horn,IMELL,522,2,0.130,20,0,20,0,0,0,2048,0.000,0.000,auto,30,0.020,1073741824,0,
lltp,ILL/petri-nets/MCC,,,LamportFastMutEx_lamport_fmea-4_10_1.p,intuitionistic,auto,1,,5,0,3,provable,proved,,ok,horn,IMELL,2018,46,0.455,344,94,250,0,0,0,2048,0.000,0.050,auto,30,0.025,1073741824,0,
lltp,ILL/petri-nets/MCC,,,NeighborGrid_z_4d_3n_2m_c_2_3_20_1.p,intuitionistic,auto,1,,5,0,3,provable,proved,,ok,horn,IMELL,7174,58,1.453,6,0,6,0,0,0,2048,0.000,0.049,auto,30,0.104,1073741824,0,
lltp,ILL/petri-nets/MCC,,,ParamProductionCell_open_system_0_20_1.p,intuitionistic,auto,1,,5,0,3,provable,proved,,ok,horn,IMELL,1582,16,0.253,24,1,23,0,0,0,2048,0.000,0.000,auto,30,0.030,1073741824,0,
lltp,ILL/petri-nets/MCC,,,Peterson-4_50_1.p,intuitionistic,auto,1,,5,0,3,provable,unknown,timeout,,horn,IMELL,4294,18,5011.159,15964912,12532294,3432618,0,0,0,2048,4990.000,6.743,auto,30,,1073741824,0,
lltp,ILL/petri-nets/MCC,,,PolyORBLF_PolyORB-LF-S02-J04-T06-unfolded_10_1.p,intuitionistic,auto,1,,5,0,3,provable,proved,,ok,horn,IMELL,14714,1214,1.502,10,0,10,0,0,0,2048,0.000,0.000,auto,30,0.115,1073741824,0,
lltp,ILL/petri-nets/MCC,,,QuasiCertifProtocol_QCertifProtocol_10-unfold_20_1.p,intuitionistic,auto,1,,5,0,3,provable,proved,,ok,horn,IMELL,2698,77,0.505,765,496,269,0,0,0,2048,0.000,0.000,auto,30,0.030,1073741824,0,
lltp,ILL/petri-nets/MCC,,,Railroad_railroad-010-pt_20_1.p,intuitionistic,auto,1,,5,0,3,provable,proved,,ok,horn,IMELL,1894,121,0.231,10,0,10,0,0,0,2048,0.000,0.000,auto,30,0.026,1073741824,0,
lltp,ILL/petri-nets/MCC,,,ResAllocation_RAS-R-10_10_1.p,intuitionistic,auto,1,,5,0,3,provable,proved,,ok,horn,IMELL,272,3,0.336,944,469,475,0,0,0,2048,0.000,0.000,auto,30,0.013,1073741824,0,
lltp,ILL/petri-nets/MCC,,,SafeBus-03-unfolded_20_1.p,intuitionistic,auto,1,,5,0,3,provable,proved,,ok,horn,IMELL,1126,43,0.225,68,12,56,0,0,0,2048,0.000,0.000,auto,30,0.022,1073741824,0,
lltp,ILL/petri-nets/MCC,,,SmallOperatingSystem-MT0032DC0008_1_1.p,intuitionistic,auto,1,,5,0,3,provable,proved,,ok,horn,IMELL,400,34,0.058,1,0,1,0,0,0,2048,0.000,0.000,auto,30,0.024,1073741824,0,
lltp,ILL/petri-nets/MCC,,,TCPcondis_tcp15_20_1.p,intuitionistic,auto,1,,5,0,3,provable,proved,,ok,horn,IMELL,370,17,0.087,20,0,20,0,0,0,2048,0.000,0.000,auto,30,0.017,1073741824,0,
lltp,ILL/petri-nets/MCC,,,TokenRing-10-unfolded_100_1.p,intuitionistic,auto,1,,5,0,3,provable,proved,,ok,horn,IMELL,8930,21,33.769,125123,95556,29567,0,0,0,2048,30.000,0.067,auto,30,0.119,1073741824,0,
lltp,ILL/ILLTP-SYJ-01,,,SYJ201+1.007.p,intuitionistic,auto,1,,5,0,3,provable,unknown,copy_bound,,two-sided,ILL,1138,17,3.986,18130,9480,6724,11565,0,0,2048,0.000,0.084,auto,30,,1073741824,3,
lltp,ILL/ILLTP-SYJ-01,,,SYJ203+1.016.p,intuitionistic,auto,1,,5,0,3,provable,unknown,copy_bound,,two-sided,ILL,180,17,2.570,12930,2092,7469,904,0,0,2048,0.000,0.043,auto,30,,1073741824,3,
lltp,ILL/ILLTP-SYJ-01,,,SYJ205+1.013.p,intuitionistic,auto,1,,5,0,3,provable,unknown,copy_bound,,two-sided,ILL,356,2,0.054,52,18,17,5,0,0,2048,0.000,0.000,auto,30,,1073741824,3,
lltp,ILL/ILLTP-SYJ-01,,,SYJ207+1.018.p,intuitionistic,auto,1,,5,0,3,,unknown,copy_bound,,two-sided,ILL,5770,38,115.405,213294,122979,79641,148392,0,0,2048,110.000,0.235,auto,30,,1073741824,3,
lltp,ILL/ILLTP-SYJ-01,,,SYJ210+1.006.p,intuitionistic,auto,1,,5,0,3,unprovable,unknown,copy_bound,,two-sided,ILL,71,2,0.080,199,141,23,183,0,0,2048,0.000,0.000,auto,30,,1073741824,3,
lltp,ILL/ILLTP-SYJ-01,,,SYJ212+1.002.p,intuitionistic,auto,1,,5,0,3,unprovable,unknown,copy_bound,,two-sided,ILL,82,4,0.079,124,33,37,43,0,0,2048,0.000,0.000,auto,30,,1073741824,3,
lltp,ILL/ILLTP-SYJ-cbn,,,SYJ201+1.019.p,intuitionistic,auto,1,,5,0,3,provable,unknown,copy_bound,,two-sided,ILL,3548,41,37.622,65564,30498,33464,62478,0,0,2048,30.000,0.221,auto,30,,1073741824,3,
lltp,ILL/ILLTP-SYJ-cbn,,,SYJ204+1.010.p,intuitionistic,auto,1,,5,0,3,provable,unknown,copy_bound,,two-sided,IMELL,83,2,0.238,438,368,26,430,0,0,2048,0.000,0.046,auto,30,,1073741824,3,
lltp,ILL/ILLTP-SYJ-cbn,,,SYJ206+1.009.p,intuitionistic,auto,1,,5,0,3,provable,unknown,copy_bound,,two-sided,ILL,8169,512,5.378,10790,7228,3147,5698,0,0,2048,0.000,0.659,auto,30,,1073741824,3,
lltp,ILL/ILLTP-SYJ-cbn,,,SYJ209+1.004.p,intuitionistic,auto,1,,5,0,3,unprovable,unknown,copy_bound,,two-sided,ILL,46,4,0.093,222,56,64,43,0,0,2048,0.000,0.000,auto,30,,1073741824,3,
lltp,ILL/ILLTP-SYJ-cbn,,,SYJ210+1.020.p,intuitionistic,auto,1,,5,0,3,unprovable,unknown,copy_bound,,two-sided,ILL,169,2,0.432,2698,2482,86,2690,0,0,2048,0.000,0.042,auto,30,,1073741824,3,
lltp,ILL/ILLTP-SYJ-cbv,,,SYJ201+1.019.p,intuitionistic,auto,1,,5,0,3,provable,unknown,copy_bound,,two-sided,IMELL,5225,41,96.549,166229,96097,66928,259042,0,0,2048,80.000,0.185,auto,30,,1073741824,3,
lltp,ILL/ILLTP-SYJ-cbv,,,SYJ204+1.017.p,intuitionistic,auto,1,,5,0,3,provable,unknown,copy_bound,,two-sided,IMELL,174,2,0.166,1077,959,59,1042,0,0,2048,0.000,0.000,auto,30,,1073741824,3,
lltp,ILL/ILLTP-SYJ-cbv,,,SYJ207+1.004.p,intuitionistic,auto,1,,5,0,3,unprovable,unknown,copy_bound,,two-sided,ILL,336,10,0.560,2147,1140,838,3092,0,0,2048,0.000,0.000,auto,30,,1073741824,3,
lltp,ILL/ILLTP-SYJ-cbv,,,SYJ209+1.014.p,intuitionistic,auto,1,,5,0,3,,unknown,copy_bound,,two-sided,ILL,151,14,1.185,8305,4978,2903,926,0,0,2048,0.000,0.000,auto,30,,1073741824,3,
lltp,ILL/ILLTP-SYJ-cbv,,,SYJ212+1.010.p,intuitionistic,auto,1,,5,0,3,unprovable,unknown,copy_bound,,two-sided,ILL,27105,1024,32.340,17785,10496,5045,11672,0,0,2048,20.000,0.093,auto,30,,1073741824,3,
lltp,ILL/KLE-01,,,KLE058+1.p,intuitionistic,auto,1,,5,0,3,provable,unknown,copy_bound,,two-sided,ILL,33,2,0.054,38,11,12,12,0,0,2048,0.000,0.000,auto,30,,1073741824,3,
lltp,ILL/KLE-IMP-CONJ,,,KLE_26_01.p,intuitionistic,auto,1,,5,0,3,provable,unknown,copy_bound,,two-sided,ILL,74,2,0.065,100,36,27,39,0,0,2048,0.000,0.000,auto,30,,1073741824,3,
lltp,ILL/KLE-IMP-CONJ,,,KLE_57_CBV.p,intuitionistic,auto,1,,5,0,3,provable,unknown,copy_bound,,two-sided,ILL,51,2,0.059,75,30,20,58,0,0,2048,0.000,0.000,auto,30,,1073741824,3,
lltp,ILL/KLE-cbn,,,KLE084+1.p,intuitionistic,auto,1,,5,0,3,provable,unknown,copy_bound,,two-sided,ILL,193,8,0.221,177,70,73,152,0,0,2048,0.000,0.038,auto,30,,1073741824,3,
lltp,ILL/petri-nets/MCC,,,AutoFlight_afcs_03_b_5_1.p,intuitionistic,auto,1,,5,0,3,provable,proved,,ok,horn,IMELL,1392,6,0.292,5,0,5,0,0,0,2048,0.000,0.000,auto,30,0.025,1073741824,0,
lltp,ILL/petri-nets/MCC,,,DES_des_01_b_10_1.p,intuitionistic,auto,1,,5,0,3,provable,proved,,ok,horn,IMELL,1384,6,0.290,10,0,10,0,0,0,2048,0.000,0.000,auto,30,0.026,1073741824,0,
lltp,ILL/petri-nets/MCC,,,DES_des_50_b_20_1.p,intuitionistic,auto,1,,5,0,3,provable,proved,,ok,horn,IMELL,2968,51,0.453,20,0,20,0,0,0,2048,0.000,0.000,auto,30,0.038,1073741824,0,
lltp,ILL/petri-nets/MCC,,,IBM319_5_1.p,intuitionistic,auto,1,,5,0,3,provable,proved,,ok,horn,IMELL,1056,4,0.230,5,0,5,0,0,0,2048,0.000,0.000,auto,30,0.018,1073741824,0,
lltp,ILL/ILLTP-SYJ-01,,,SYJ208+1.015.p,intuitionistic,auto,1,,5,0,3,unprovable,unknown,recursion_limit,,two-sided,ILL,13653,30,4.728,1532,0,1020,0,0,0,2048,0.000,0.062,auto,30,,1073741824,0,
lltp,ILL/ILLTP-SYJ-cbv,,,SYJ208+1.016.p,intuitionistic,auto,1,,5,0,3,unprovable,unknown,recursion_limit,,two-sided,ILL,13956,32,3.386,2026,0,2025,2026,0,0,2048,0.000,0.056,auto,30,,1073741824,0,
lltp,ILL/petri-nets/MCC,,,AutoFlight_afcs_96_b_1_1.p,intuitionistic,auto,1,,5,0,3,provable,proved,,ok,horn,IMELL,36402,104,6.980,1,0,1,0,0,0,2048,10.000,0.091,auto,30,0.447,1073741824,0,
lltp,ILL/petri-nets/MCC,,,BridgeAndVehicles-V50-P20-N20-unfolded_5_1.p,intuitionistic,auto,1,,5,0,3,provable,proved,,ok,horn,IMELL,36826,2103,2.874,5,0,5,0,0,0,2048,0.000,0.017,auto,30,0.207,1073741824,0,
lltp,ILL/petri-nets/MCC,,,BridgeAndVehicles-V80-P20-N50-unfolded_1_1.p,intuitionistic,auto,1,,5,0,3,provable,proved,,ok,horn,IMELL,135826,8163,10.375,1,0,1,0,0,0,2048,10.000,0.028,auto,30,0.709,1073741824,0,
lltp,ILL/petri-nets/MCC,,,CloudDeployment_deploy_5_b_100_1.p,intuitionistic,auto,1,,5,0,3,provable,proved,,ok,horn,IMELL,51588,1024,7.709,18853,11005,7848,0,0,0,2048,0.000,0.025,auto,30,0.272,1073741824,0,
lltp,ILL/petri-nets/MCC,,,CloudReconfiguration_reconf_3_04_20_1.p,intuitionistic,auto,1,,5,0,3,provable,proved,,ok,horn,IMELL,12926,129,2.502,20,0,20,0,0,0,2048,0.000,0.016,auto,30,0.155,1073741824,0,
lltp,ILL/petri-nets/MCC,,,CloudReconfiguration_reconf_3_10_100_1.p,intuitionistic,auto,1,,5,0,3,provable,proved,,ok,horn,IMELL,12936,129,7.389,36528,20104,16424,0,0,0,2048,0.000,0.043,auto,30,0.158,1073741824,0,
lltp,ILL/petri-nets/MCC,,,CloudReconfiguration_reconf_3_15_20_1.p,intuitionistic,auto,1,,5,0,3,provable,proved,,ok,horn,IMELL,12934,129,2.463,20,0,20,0,0,0,2048,0.000,0.024,auto,30,0.150,1073741824,0,
lltp,ILL/petri-nets/MCC,,,CloudReconfiguration_reconf_4_01_100_1.p,intuitionistic,auto,1,,5,0,3,provable,proved,,ok,horn,IMELL,17788,172,8.171,36730,20290,16440,0,0,0,2048,0.000,0.028,auto,30,0.230,1073741824,0,
lltp,ILL/petri-nets/MCC,,,DLCround_dlcro_07_b_5_1.p,intuitionistic,auto,1,,5,0,3,provable,proved,,ok,horn,IMELL,22152,15,3.910,5,0,5,0,0,0,2048,0.000,0.016,auto,30,0.249,1073741824,0,
lltp,ILL/petri-nets/MCC,,,DLCround_dlcro_12_a_1_1.p,intuitionistic,auto,1,,5,0,3,provable,proved,,ok,horn,IMELL,27214,69,2.613,1,0,1,0,0,0,2048,0.000,0.015,auto,30,0.246,1073741824,0,
lltp,ILL/petri-nets/MCC,,,DLCshifumi_dlcsh_4_a_100_1.p,intuitionistic,auto,1,,5,0,3,provable,proved,,ok,horn,IMELL,58602,317,6.600,54,0,54,0,0,0,2048,10.000,0.022,auto,30,0.622,1073741824,0,
lltp,ILL/petri-nets/MCC,,,Diffusion2D_2D8_gradient_20x20_100_5_1.p,intuitionistic,auto,1,,5,0,3,provable,proved,,ok,horn,IMELL,12254,108,2.151,5,0,5,0,0,0,2048,0.000,0.000,auto,30,0.157,1073741824,0,
lltp,ILL/petri-nets/MCC,,,Diffusion2D_2D8_gradient_40x40_50_5_1.p,intuitionistic,auto,1,,5,0,3,provable,proved,,ok,horn,IMELL,49494,58,10.068,5,0,5,0,0,0,2048,10.000,0.023,auto,30,0.554,1073741824,0,
lltp,ILL/petri-nets/MCC,,,Echo_echo-d5r3_5_1.p,intuitionistic,auto,1,,5,0,3,provable,proved,,ok,horn,IMELL,57846,10,6.175,5,0,5,0,0,0,2048,10.000,0.029,auto,30,0.364,1073741824,0,
lltp,ILL/petri-nets/MCC,,,FlexibleBarrier_flexbar_18_b_5_1.p,intuitionistic,auto,1,,5,0,3,provable,proved,,ok,horn,IMELL,25322,325,4.624,5,0,5,0,0,0,2048,0.000,0.017,auto,30,0.268,1073741824,0,
lltp,ILL/petri-nets/MCC,,,HypercubeGrid_hc3k4p4b12_5_1.p,intuitionistic,auto,1,,5,0,3,provable,proved,,ok,horn,IMELL,30334,43,2.844,5,0,5,0,0,0,2048,0.000,0.026,auto,30,0.675,1073741824,0,
lltp,ILL/petri-nets/MCC,,,NeoElection_neoelection-7.unf_10_1.p,intuitionistic,auto,1,,5,0,3,provable,proved,,ok,horn,IMELL,164394,2072,15.783,10,0,10,0,0,0,2048,10.000,0.034,auto,30,1.112,1073741824,0,
lltp,ILL/petri-nets/MCC,,,Philosophers-1000_1_1.p,intuitionistic,auto,1,,5,0,3,provable,proved,,ok,horn,IMELL,39996,5,5.044,1,0,1,0,0,0,2048,0.000,0.027,auto,30,0.655,1073741824,0,
lltp,ILL/petri-nets/MCC,,,PolyORBLF_PolyORB-LF-S04-J04-T08-unfolded_5_1.p,intuitionistic,auto,1,,5,0,3,provable,proved,,ok,horn,IMELL,115596,17188,8.078,5,0,5,0,0,0,2048,10.000,0.084,auto,30,0.508,1073741824,0,
lltp,ILL/petri-nets/MCC,,,Railroad_railroad-050-pt_50_1.p,intuitionistic,auto,1,,5,0,3,provable,proved,,ok,horn,IMELL,33174,2601,2.787,7,0,7,0,0,0,2048,0.000,0.015,auto,30,0.207,1073741824,0,
lltp,ILL/petri-nets/MCC,,,RwMutex_rwmutex-r2000w10_1_1.p,intuitionistic,auto,1,,5,0,3,provable,proved,,ok,horn,IMELL,120116,12,8.145,1,0,1,0,0,0,2048,10.000,0.021,auto,30,1.222,1073741824,0,
lltp,ILL/petri-nets/MCC,,,SmallOperatingSystem-MT2048DC1024_1_1.p,intuitionistic,auto,1,,5,0,3,provable,proved,,ok,horn,IMELL,28720,2050,1.150,1,0,1,0,0,0,2048,0.000,0.018,auto,30,1.463,1073741824,0,
lltp,ILL/petri-nets/MCC,,,Angiogenesis_angiogenesis-15_20_1.p,intuitionistic,auto,1,,5,0,3,provable,proved,,ok,horn,IMELL,818,24,0.130,20,0,20,0,0,0,2048,0.000,0.000,auto,30,0.034,1073741824,0,
lltp,ILL/petri-nets/MCC,,,AutoFlight_afcs_48_a_50_1.p,intuitionistic,auto,1,,5,0,3,provable,proved,,ok,horn,IMELL,7430,53,1.289,50,0,50,0,0,0,2048,0.000,0.050,auto,30,0.124,1073741824,0,
lltp,ILL/petri-nets/MCC,,,CircadianClock_circadian_clock-001000_1_1.p,intuitionistic,auto,1,,5,0,3,provable,proved,,ok,horn,IMELL,20122,1004,0.916,1,0,1,0,0,0,2048,0.000,0.052,auto,30,1.043,1073741824,0,
lltp,ILL/petri-nets/MCC,,,ClientsAndServers-0010-1_100_1.p,intuitionistic,auto,1,,5,0,3,provable,proved,,ok,horn,IMELL,926,81,0.118,100,0,100,0,0,0,2048,0.000,0.000,auto,30,0.064,1073741824,0,
lltp,ILL/petri-nets/MCC,,,ClientsAndServers-0020-3_50_1.p,intuitionistic,auto,1,,5,0,3,provable,proved,,ok,horn,IMELL,1626,161,0.130,50,0,50,0,0,0,2048,0.000,0.000,auto,30,0.091,1073741824,0,
lltp,ILL/petri-nets/MCC,,,Diffusion2D_2D8_gradient_5x5_150_20_1.p,intuitionistic,auto,1,,5,0,3,provable,proved,,ok,horn,IMELL,1174,158,0.163,2,0,2,0,0,0,2048,0.000,0.000,auto,30,0.042,1073741824,0,
lltp,ILL/petri-nets/MCC,,,ERK_erk-001000_1_1.p,intuitionistic,auto,1,,5,0,3,provable,proved,,ok,horn,IMELL,20064,1002,0.917,1,0,1,0,0,0,2048,0.000,0.055,auto,30,1.031,1073741824,0,
lltp,ILL/petri-nets/MCC,,,Echo_echo-d2r9_100_1.p,intuitionistic,auto,1,,5,0,3,provable,proved,,ok,horn,IMELL,6910,5,56.611,46902,30283,16619,0,0,0,2048,50.000,0.114,auto,30,0.129,1073741824,0,
lltp,ILL/petri-nets/MCC,,,GPPP_G-PPP-1-1000_50_1.p,intuitionistic,auto,1,,5,0,3,provable,proved,,ok,horn,IMELL,36348,4005,1.669,12,0,12,0,0,0,2048,0.000,0.000,auto,30,1.831,1073741824,0,
lltp,ILL/petri-nets/MCC,,,GPPP_G-PPP-100-1000_100_1.p,intuitionistic,auto,1,,5,0,3,provable,proved,,ok,horn,IMELL,55752,4680,20.958,72325,54323,18002,0,0,0,2048,20.000,0.123,auto,30,2.848,1073741824,0,
lltp,ILL/petri-nets/MCC,,,HouseConstruction-100_5_1.p,intuitionistic,auto,1,,5,0,3,provable,proved,,ok,horn,IMELL,502,100,0.082,5,0,5,0,0,0,2048,0.000,0.000,auto,30,0.027,1073741824,0,
lltp,ILL/petri-nets/MCC,,,JoinFreeModules_joinFree-10_50_1.p,intuitionistic,auto,1,,5,0,3,provable,unknown,memory_limit,,horn,IMELL,1926,23,3656.507,7979810,6508657,1471153,0,0,0,2048,3630.000,5.379,auto,30,,1073741824,0,
lltp,ILL/petri-nets/MCC,,,Kanban-500_50_1.p,intuitionistic,auto,1,,5,0,3,provable,proved,,ok,horn,IMELL,8078,501,0.428,50,0,50,0,0,0,2048,0.000,0.000,auto,30,0.494,1073741824,0,
lltp,ILL/petri-nets/MCC,,,MAPK-80_20_1.p,intuitionistic,auto,1,,5,0,3,provable,proved,,ok,horn,IMELL,1618,82,0.133,2,0,2,0,0,0,2048,0.000,0.000,auto,30,0.076,1073741824,0,
lltp,ILL/petri-nets/MCC,,,PermAdmissibility_unf-8x8-4stageSEN-50_10_1.p,intuitionistic,auto,1,,5,0,3,provable,proved,,ok,horn,IMELL,8774,64,0.873,10,0,10,0,0,0,2048,0.000,0.044,auto,30,0.134,1073741824,0,
lltp,ILL/petri-nets/MCC,,,Planning_planning_5_1.p,intuitionistic,auto,1,,5,0,3,provable,proved,,ok,horn,IMELL,1568,17,0.236,5,0,5,0,0,0,2048,0.000,0.000,auto,30,0.031,1073741824,0,
lltp,ILL/petri-nets/MCC,,,QuasiCertifProtocol_QCertifProtocol_32-unfold_20_1.p,intuitionistic,auto,1,,5,0,3,provable,proved,,ok,horn,IMELL,16716,231,1.635,20,0,20,0,0,0,2048,0.000,0.000,auto,30,0.089,1073741824,0,
lltp,ILL/petri-nets/MCC,,,ResAllocation_RAS-C-50_100_1.p,intuitionistic,auto,1,,5,0,3,provable,proved,,ok,horn,IMELL,2240,3,0.502,98,0,98,0,0,0,2048,0.000,0.042,auto,30,0.067,1073741824,0,
lltp,ILL/petri-nets/MCC,,,RobotManipulation_robot-manipulation-500_10_1.p,intuitionistic,auto,1,,5,0,3,provable,proved,,ok,horn,IMELL,12068,1002,0.537,4,0,4,0,0,0,2048,0.000,0.000,auto,30,0.674,1073741824,0,
lltp,ILL/petri-nets/MCC,,,SmallOperatingSystem-MT0064DC0016_1_1.p,intuitionistic,auto,1,,5,0,3,provable,proved,,ok,horn,IMELL,752,66,0.068,1,0,1,0,0,0,2048,0.000,0.000,auto,30,0.041,1073741824,0,
lltp,ILL/petri-nets/MCC,,,SmallOperatingSystem-MT0512DC0128_1_1.p,intuitionistic,auto,1,,5,0,3,provable,proved,,ok,horn,IMELL,5680,514,0.229,1,0,1,0,0,0,2048,0.000,0.000,auto,30,0.286,1073741824,0,
lltp,ILL/petri-nets/MCC,,,Solitaire_soli2_counter_20_1.p,intuitionistic,auto,1,,5,0,3,provable,proved,,ok,horn,IMELL,1538,108,50.105,117129,70987,46142,0,0,0,2048,40.000,0.122,auto,30,0.039,1073741824,0,
lltp,ILL/petri-nets/MCC,,,SwimmingPool-4_10_1.p,intuitionistic,auto,1,,5,0,3,provable,proved,,ok,horn,IMELL,758,81,0.087,10,0,10,0,0,0,2048,0.000,0.000,auto,30,0.041,1073741824,0,
lltp,ILL/petri-nets/MCC,,,SwimmingPool-9_5_1.p,intuitionistic,auto,1,,5,0,3,provable,proved,,ok,horn,IMELL,1658,181,0.108,5,0,5,0,0,0,2048,0.000,0.000,auto,30,0.092,1073741824,0,
lltp,ILL/petri-nets/MCC,,,AutoFlight_afcs_05_a_1_1.p,intuitionistic,auto,1,,5,0,3,provable,proved,,ok,horn,IMELL,906,8,0.177,1,0,1,0,0,0,2048,0.000,0.000,auto,30,0.020,1073741824,0,
lltp,ILL/petri-nets/MCC,,,ClientsAndServers-0005-0_1_1.p,intuitionistic,auto,1,,5,0,3,provable,proved,,ok,horn,IMELL,448,41,0.074,1,0,1,0,0,0,2048,0.000,0.000,auto,30,0.023,1073741824,0,
lltp,ILL/petri-nets/MCC,,,DES_des_00_a_20_1.p,intuitionistic,auto,1,,5,0,3,provable,proved,,ok,horn,IMELL,832,7,0.185,31,5,26,0,0,0,2048,0.000,0.000,auto,30,0.031,1073741824,0,
lltp,ILL/petri-nets/MCC,,,IOTPpurchase_IOTP_c5m4p3d2_1_1.p,intuitionistic,auto,1,,5,0,3,provable,proved,,ok,horn,IMELL,554,6,0.117,1,0,1,0,0,0,2048,0.000,0.000,auto,30,0.013,1073741824,0,
lltp,ILL/petri-nets/MCC,,,Parking_parking_2_8_5_1.p,intuitionistic,auto,1,,5,0,3,provable,proved,,ok,horn,IMELL,1250,11,0.218,5,0,5,0,0,0,2048,0.000,0.000,auto,30,0.023,1073741824,0,
lltp,ILL/petri-nets/MCC,,,PermAdmissibility_unf-8x8-4stageSEN-05_100_1.p,intuitionistic,auto,1,,5,0,3,provable,proved,,ok,horn,IMELL,7144,64,27.474,69110,48310,20800,0,0,0,2048,20.000,0.124,auto,30,0.090,1073741824,0,
lltp,ILL/petri-nets/MCC,,,PhaseVariation_5-10_phaseVariation_50_1.p,intuitionistic,auto,1,,5,0,3,provable,proved,,ok,horn,IMELL,9658,687,0.875,25,0,25,0,0,0,2048,0.000,0.042,auto,30,0.079,1073741824,0,
lltp,ILL/petri-nets/MCC,,,ResAllocation_RAS-R-15_10_1.p,intuitionistic,auto,1,,5,0,3,provable,proved,,ok,horn,IMELL,410,3,0.093,10,0,10,0,0,0,2048,0.000,0.000,auto,30,0.015,1073741824,0,
lltp,ILL/petri-nets/MCC,,,RobotManipulation_robot-manipulation-5_1_1.p,intuitionistic,auto,1,,5,0,3,provable,proved,,ok,horn,IMELL,192,12,0.044,1,0,1,0,0,0,2048,0.000,0.000,auto,30,0.010,1073741824,0,
lltp,ILL/petri-nets/MCC,,,RwMutex_rwmutex-r10w100_1_1.p,intuitionistic,auto,1,,5,0,3,provable,proved,,ok,horn,IMELL,5378,102,0.481,1,0,1,0,0,0,2048,0.000,0.000,auto,30,0.048,1073741824,0,
lltp,ILL/petri-nets/MCC,,,SafeBus-10-unfolded_1_1.p,intuitionistic,auto,1,,5,0,3,provable,proved,,ok,horn,IMELL,22868,1191,1.939,1,0,1,0,0,0,2048,0.000,0.000,auto,30,0.128,1073741824,0,
lltp,ILL/petri-nets/MCC,,,SimpleLoadBal_simple_lbs-15_50_1.p,intuitionistic,auto,1,,5,0,3,provable,proved,,ok,horn,IMELL,18082,1142,1.482,50,0,50,0,0,0,2048,0.000,0.000,auto,30,0.117,1073741824,0,
lltp,ILL/petri-nets/MCC,,,TCPcondis_tcp30_50_1.p,intuitionistic,auto,1,,5,0,3,provable,proved,,ok,horn,IMELL,512,32,0.103,47,7,40,0,0,0,2048,0.000,0.000,auto,30,0.029,1073741824,0,
lltp,ILL/petri-nets/MCC,,,DatabaseWithMutex_database20UNFOLD_5_1.p,intuitionistic,auto,1,,5,0,3,provable,proved,,ok,horn,IMELL,46672,21,5.306,8,0,8,0,0,0,16384,0.000,0.020,auto,30,0.290,1073741824,0,
lltp,ILL/petri-nets/MCC,,,Diffusion2D_2D8_gradient_20x20_50_1_1.p,intuitionistic,auto,1,,5,0,3,provable,proved,,ok,horn,IMELL,12054,58,2.201,1,0,1,0,0,0,16384,0.000,0.000,auto,30,0.149,1073741824,0,
lltp,ILL/petri-nets/MCC,,,TokenRing-15-unfolded_1_1.p,intuitionistic,auto,1,,5,0,3,provable,proved,,ok,horn,IMELL,28990,31,3.391,1,0,1,0,0,0,16384,0.000,0.015,auto,30,0.228,1073741824,0,
lltp,ILL/petri-nets/MCC,,,TokenRing-20-unfolded_1_1.p,intuitionistic,auto,1,,5,0,3,provable,proved,,ok,horn,IMELL,67450,41,8.431,1,0,1,0,0,0,16384,10.000,0.097,auto,30,0.501,1073741824,0,
family,qbf,16,0,qbf/16#0,classical,auto,1,,300,0,3,provable,proved,,ok,focus,MALL,399,9,7.311,14615,0,14615,22146,0,0,2048,0.000,0.072,auto,30,1.749,1073741824,0,
family,qbf,16,0,qbf/16#0,classical,auto,1,,300,1,3,provable,proved,,ok,focus,MALL,399,9,6.871,14615,0,14615,22146,0,0,2048,0.000,0.054,auto,30,1.735,1073741824,0,
family,qbf,16,0,qbf/16#0,classical,auto,1,,300,2,3,provable,proved,,ok,focus,MALL,399,9,6.902,14615,0,14615,22146,0,0,2048,0.000,0.069,auto,30,1.702,1073741824,0,
family,qbf,16,1,qbf/16#1,classical,auto,1,,300,0,3,unprovable,unprovable,,,focus,MALL,399,7,1.214,2502,0,2502,4090,0,0,2048,0.000,0.000,auto,30,,1073741824,0,
family,qbf,16,1,qbf/16#1,classical,auto,1,,300,1,3,unprovable,unprovable,,,focus,MALL,399,7,1.210,2502,0,2502,4090,0,0,2048,0.000,0.000,auto,30,,1073741824,0,
family,qbf,16,1,qbf/16#1,classical,auto,1,,300,2,3,unprovable,unprovable,,,focus,MALL,399,7,1.194,2502,0,2502,4090,0,0,2048,0.000,0.000,auto,30,,1073741824,0,
family,qbf,16,2,qbf/16#2,classical,auto,1,,300,0,3,unprovable,unprovable,,,focus,MALL,399,6,1.904,3975,0,3975,6214,0,0,2048,0.000,0.065,auto,30,,1073741824,0,
family,qbf,16,2,qbf/16#2,classical,auto,1,,300,1,3,unprovable,unprovable,,,focus,MALL,399,6,1.896,3975,0,3975,6214,0,0,2048,0.000,0.049,auto,30,,1073741824,0,
family,qbf,16,2,qbf/16#2,classical,auto,1,,300,2,3,unprovable,unprovable,,,focus,MALL,399,6,1.848,3975,0,3975,6214,0,0,2048,0.000,0.053,auto,30,,1073741824,0,
family,qbf,16,3,qbf/16#3,classical,auto,1,,300,0,3,provable,proved,,ok,focus,MALL,399,8,6.225,12420,0,12420,19728,0,0,2048,0.000,0.100,auto,30,1.733,1073741824,0,
family,qbf,16,3,qbf/16#3,classical,auto,1,,300,1,3,provable,proved,,ok,focus,MALL,399,8,5.935,12420,0,12420,19728,0,0,2048,0.000,0.084,auto,30,1.817,1073741824,0,
family,qbf,16,3,qbf/16#3,classical,auto,1,,300,2,3,provable,proved,,ok,focus,MALL,399,8,6.127,12420,0,12420,19728,0,0,2048,0.000,0.060,auto,30,1.705,1073741824,0,
family,qbf,20,0,qbf/20#0,classical,auto,1,,300,0,3,unprovable,unprovable,,,focus,MALL,499,8,5.504,11161,0,11161,17161,0,0,2048,0.000,0.054,auto,30,,1073741824,0,
family,qbf,20,0,qbf/20#0,classical,auto,1,,300,1,3,unprovable,unprovable,,,focus,MALL,499,8,5.565,11161,0,11161,17161,0,0,2048,0.000,0.058,auto,30,,1073741824,0,
family,qbf,20,0,qbf/20#0,classical,auto,1,,300,2,3,unprovable,unprovable,,,focus,MALL,499,8,5.501,11161,0,11161,17161,0,0,2048,0.000,0.055,auto,30,,1073741824,0,
family,qbf,20,1,qbf/20#1,classical,auto,1,,300,0,3,unprovable,unprovable,,,focus,MALL,499,6,8.806,17781,0,17781,26685,0,0,2048,0.000,0.058,auto,30,,1073741824,0,
family,qbf,20,1,qbf/20#1,classical,auto,1,,300,1,3,unprovable,unprovable,,,focus,MALL,499,6,8.652,17781,0,17781,26685,0,0,2048,0.000,0.059,auto,30,,1073741824,0,
family,qbf,20,1,qbf/20#1,classical,auto,1,,300,2,3,unprovable,unprovable,,,focus,MALL,499,6,8.829,17781,0,17781,26685,0,0,2048,0.000,0.050,auto,30,,1073741824,0,
family,qbf,20,2,qbf/20#2,classical,auto,1,,300,0,3,provable,proved,,ok,focus,MALL,499,7,32.890,60883,0,60883,97394,0,0,2048,20.000,0.171,auto,30,8.790,1073741824,0,
family,qbf,20,2,qbf/20#2,classical,auto,1,,300,1,3,provable,proved,,ok,focus,MALL,499,7,32.820,60883,0,60883,97394,0,0,2048,30.000,0.085,auto,30,8.663,1073741824,0,
family,qbf,20,2,qbf/20#2,classical,auto,1,,300,2,3,provable,proved,,ok,focus,MALL,499,7,33.189,60883,0,60883,97394,0,0,2048,20.000,0.083,auto,30,8.731,1073741824,0,
family,qbf,20,3,qbf/20#3,classical,auto,1,,300,0,3,unprovable,unprovable,,,focus,MALL,499,7,5.484,10639,0,10639,16467,0,0,2048,0.000,0.067,auto,30,,1073741824,0,
family,qbf,20,3,qbf/20#3,classical,auto,1,,300,1,3,unprovable,unprovable,,,focus,MALL,499,7,5.301,10639,0,10639,16467,0,0,2048,0.000,0.048,auto,30,,1073741824,0,
family,qbf,20,3,qbf/20#3,classical,auto,1,,300,2,3,unprovable,unprovable,,,focus,MALL,499,7,5.308,10639,0,10639,16467,0,0,2048,0.000,0.055,auto,30,,1073741824,0,
family,counter,8,0,counter/8,classical,auto,1,,300,0,3,provable,proved,,ok,horn,MELL,27,8,0.046,7,0,7,0,0,0,2048,0.000,0.000,auto,30,0.009,1073741824,0,
family,counter,8,0,counter/8,classical,auto,1,,300,1,3,provable,proved,,ok,horn,MELL,27,8,0.029,7,0,7,0,0,0,2048,0.000,0.000,auto,30,0.005,1073741824,0,
family,counter,8,0,counter/8,classical,auto,1,,300,2,3,provable,proved,,ok,horn,MELL,27,8,0.030,7,0,7,0,0,0,2048,0.000,0.000,auto,30,0.005,1073741824,0,
family,counter,8,0,counter/8,intuitionistic,auto,1,,300,0,3,,proved,,ok,horn,IMELL,27,8,0.032,7,0,7,0,0,0,2048,0.000,0.000,auto,30,0.006,1073741824,0,
family,counter,8,0,counter/8,intuitionistic,auto,1,,300,1,3,,proved,,ok,horn,IMELL,27,8,0.029,7,0,7,0,0,0,2048,0.000,0.000,auto,30,0.005,1073741824,0,
family,counter,8,0,counter/8,intuitionistic,auto,1,,300,2,3,,proved,,ok,horn,IMELL,27,8,0.030,7,0,7,0,0,0,2048,0.000,0.000,auto,30,0.005,1073741824,0,
family,counter,16,0,counter/16,classical,auto,1,,300,0,4,provable,proved,,ok,horn,MELL,41,16,0.034,15,0,15,0,0,0,2048,0.000,0.000,auto,30,0.007,1073741824,0,
family,counter,16,0,counter/16,classical,auto,1,,300,1,4,provable,proved,,ok,horn,MELL,41,16,0.032,15,0,15,0,0,0,2048,0.000,0.000,auto,30,0.007,1073741824,0,
family,counter,16,0,counter/16,classical,auto,1,,300,2,4,provable,proved,,ok,horn,MELL,41,16,0.034,15,0,15,0,0,0,2048,0.000,0.000,auto,30,0.007,1073741824,0,
family,counter,16,0,counter/16,intuitionistic,auto,1,,300,0,4,,proved,,ok,horn,IMELL,41,16,0.035,15,0,15,0,0,0,2048,0.000,0.000,auto,30,0.007,1073741824,0,
family,counter,16,0,counter/16,intuitionistic,auto,1,,300,1,4,,proved,,ok,horn,IMELL,41,16,0.036,15,0,15,0,0,0,2048,0.000,0.000,auto,30,0.007,1073741824,0,
family,counter,16,0,counter/16,intuitionistic,auto,1,,300,2,4,,proved,,ok,horn,IMELL,41,16,0.039,15,0,15,0,0,0,2048,0.000,0.000,auto,30,0.008,1073741824,0,
family,counter-over,8,0,counter-over/8,classical,auto,1,,300,0,3,unprovable,unprovable,,,horn,MELL,29,8,0.027,12,2,10,0,0,0,2048,0.000,0.000,auto,30,,1073741824,0,
family,counter-over,8,0,counter-over/8,classical,auto,1,,300,1,3,unprovable,unprovable,,,horn,MELL,29,8,0.027,12,2,10,0,0,0,2048,0.000,0.000,auto,30,,1073741824,0,
family,counter-over,8,0,counter-over/8,classical,auto,1,,300,2,3,unprovable,unprovable,,,horn,MELL,29,8,0.028,12,2,10,0,0,0,2048,0.000,0.000,auto,30,,1073741824,0,
family,counter-over,8,0,counter-over/8,intuitionistic,auto,1,,300,0,3,,unprovable,,,horn,IMELL,29,8,0.027,12,2,10,0,0,0,2048,0.000,0.000,auto,30,,1073741824,0,
family,counter-over,8,0,counter-over/8,intuitionistic,auto,1,,300,1,3,,unprovable,,,horn,IMELL,29,8,0.029,12,2,10,0,0,0,2048,0.000,0.000,auto,30,,1073741824,0,
family,counter-over,8,0,counter-over/8,intuitionistic,auto,1,,300,2,3,,unprovable,,,horn,IMELL,29,8,0.029,12,2,10,0,0,0,2048,0.000,0.000,auto,30,,1073741824,0,
family,growing,16,0,growing/16,classical,auto,1,,300,0,16,unprovable,unknown,copy_bound,,focus,MELL,9,3,0.351,1396,435,61,900,0,0,2048,0.000,0.000,auto,30,,1073741824,30,
family,growing,16,0,growing/16,classical,auto,1,,300,1,16,unprovable,unknown,copy_bound,,focus,MELL,9,3,0.335,1396,435,61,900,0,0,2048,0.000,0.000,auto,30,,1073741824,30,
family,growing,16,0,growing/16,classical,auto,1,,300,2,16,unprovable,unknown,copy_bound,,focus,MELL,9,3,0.321,1396,435,61,900,0,0,2048,0.000,0.000,auto,30,,1073741824,30,
family,growing,64,0,growing/64,classical,auto,1,,300,0,64,unprovable,unknown,copy_bound,,focus,MELL,9,3,1.633,6241,2016,129,4096,0,0,2048,0.000,0.045,auto,30,,1073741824,64,
family,growing,64,0,growing/64,classical,auto,1,,300,1,64,unprovable,unknown,copy_bound,,focus,MELL,9,3,1.650,6241,2016,129,4096,0,0,2048,0.000,0.044,auto,30,,1073741824,64,
family,growing,64,0,growing/64,classical,auto,1,,300,2,64,unprovable,unknown,copy_bound,,focus,MELL,9,3,1.637,6241,2016,129,4096,0,0,2048,0.000,0.039,auto,30,,1073741824,64,
family,growing,256,0,growing/256,classical,auto,1,,300,0,256,unprovable,unknown,copy_bound,,focus,MELL,9,3,48.932,98689,32640,513,65536,0,0,2048,40.000,0.075,auto,30,,1073741824,256,
family,growing,256,0,growing/256,classical,auto,1,,300,1,256,unprovable,unknown,copy_bound,,focus,MELL,9,3,49.573,98689,32640,513,65536,0,0,2048,40.000,0.078,auto,30,,1073741824,256,
family,growing,256,0,growing/256,classical,auto,1,,300,2,256,unprovable,unknown,copy_bound,,focus,MELL,9,3,49.251,98689,32640,513,65536,0,0,2048,40.000,0.161,auto,30,,1073741824,256,
family,growing,1024,0,growing/1024,classical,auto,1,,300,0,1024,unprovable,unknown,recursion_limit,,focus,MELL,9,3,321.409,392961,130305,1023,261633,0,0,2048,310.000,0.394,auto,30,,1073741824,512,
family,growing,1024,0,growing/1024,classical,auto,1,,300,1,1024,unprovable,unknown,recursion_limit,,focus,MELL,9,3,321.577,392961,130305,1023,261633,0,0,2048,310.000,0.426,auto,30,,1073741824,512,
family,growing,1024,0,growing/1024,classical,auto,1,,300,2,1024,unprovable,unknown,recursion_limit,,focus,MELL,9,3,321.924,392961,130305,1023,261633,0,0,2048,320.000,0.286,auto,30,,1073741824,512,
family,chain,16,0,chain/16,classical,auto,1,,300,0,18,provable,proved,,ok,focus,LL,98,2,0.166,253,98,33,1817,0,0,2048,0.000,0.000,auto,30,0.007,1073741824,9,
family,chain,16,0,chain/16,classical,auto,1,,300,1,18,provable,proved,,ok,focus,LL,98,2,0.158,253,98,33,1817,0,0,2048,0.000,0.000,auto,30,0.005,1073741824,9,
family,chain,16,0,chain/16,classical,auto,1,,300,2,18,provable,proved,,ok,focus,LL,98,2,0.158,253,98,33,1817,0,0,2048,0.000,0.000,auto,30,0.005,1073741824,9,
family,chain,64,0,chain/64,classical,auto,1,,300,0,66,provable,proved,,ok,focus,LL,386,2,5.060,4069,1922,129,127073,0,0,2048,0.000,0.050,auto,30,0.013,1073741824,33,
family,chain,64,0,chain/64,classical,auto,1,,300,1,66,provable,proved,,ok,focus,LL,386,2,5.175,4069,1922,129,127073,0,0,2048,0.000,0.046,auto,30,0.013,1073741824,33,
family,chain,64,0,chain/64,classical,auto,1,,300,2,66,provable,proved,,ok,focus,LL,386,2,5.240,4069,1922,129,127073,0,0,2048,0.000,0.045,auto,30,0.013,1073741824,33,
family,chain,128,0,chain/128,classical,auto,1,,300,0,130,provable,proved,,ok,focus,LL,770,2,39.833,16325,7938,257,1032385,0,0,2048,30.000,0.078,auto,30,0.023,1073741824,65,
family,chain,128,0,chain/128,classical,auto,1,,300,1,130,provable,proved,,ok,focus,LL,770,2,40.800,16325,7938,257,1032385,0,0,2048,40.000,0.114,auto,30,0.023,1073741824,65,
family,chain,128,0,chain/128,classical,auto,1,,300,2,130,provable,proved,,ok,focus,LL,770,2,40.419,16325,7938,257,1032385,0,0,2048,40.000,0.100,auto,30,0.023,1073741824,65,
family,chain,256,0,chain/256,classical,auto,1,,300,0,258,provable,proved,,ok,focus,LL,1538,2,324.039,65413,32258,513,8323457,0,0,2048,320.000,0.330,auto,30,0.051,1073741824,129,
family,chain,256,0,chain/256,classical,auto,1,,300,1,258,provable,proved,,ok,focus,LL,1538,2,324.893,65413,32258,513,8323457,0,0,2048,320.000,0.359,auto,30,0.050,1073741824,129,
family,chain,256,0,chain/256,classical,auto,1,,300,2,258,provable,proved,,ok,focus,LL,1538,2,323.828,65413,32258,513,8323457,0,0,2048,320.000,0.295,auto,30,0.045,1073741824,129,
family,wide-m3,24,0,wide-m3/24,classical,auto,1,,300,0,3,provable,proved,,ok,focus,MLL,167,3,0.101,25,0,25,454,0,0,2048,0.000,0.000,auto,30,0.010,1073741824,0,
family,wide-m3,24,0,wide-m3/24,classical,auto,1,,300,1,3,provable,proved,,ok,focus,MLL,167,3,0.095,25,0,25,454,0,0,2048,0.000,0.000,auto,30,0.010,1073741824,0,
family,wide-m3,24,0,wide-m3/24,classical,auto,1,,300,2,3,provable,proved,,ok,focus,MLL,167,3,0.098,25,0,25,454,0,0,2048,0.000,0.000,auto,30,0.010,1073741824,0,
family,wide-m3,30,0,wide-m3/30,classical,auto,1,,300,0,3,provable,proved,,ok,focus,MLL,209,3,0.122,31,0,31,688,0,0,2048,0.000,0.000,auto,30,0.012,1073741824,0,
family,wide-m3,30,0,wide-m3/30,classical,auto,1,,300,1,3,provable,proved,,ok,focus,MLL,209,3,0.117,31,0,31,688,0,0,2048,0.000,0.000,auto,30,0.012,1073741824,0,
family,wide-m3,30,0,wide-m3/30,classical,auto,1,,300,2,3,provable,proved,,ok,focus,MLL,209,3,0.132,31,0,31,688,0,0,2048,0.000,0.000,auto,30,0.012,1073741824,0,
family,wide-m4,24,0,wide-m4/24,classical,auto,1,,300,0,3,provable,proved,,ok,focus,MLL,167,4,0.104,25,0,25,430,0,0,2048,0.000,0.000,auto,30,0.010,1073741824,0,
family,wide-m4,24,0,wide-m4/24,classical,auto,1,,300,1,3,provable,proved,,ok,focus,MLL,167,4,0.095,25,0,25,430,0,0,2048,0.000,0.000,auto,30,0.010,1073741824,0,
family,wide-m4,24,0,wide-m4/24,classical,auto,1,,300,2,3,provable,proved,,ok,focus,MLL,167,4,0.092,25,0,25,430,0,0,2048,0.000,0.000,auto,30,0.010,1073741824,0,
family,wide-m4,28,0,wide-m4/28,classical,auto,1,,300,0,3,provable,proved,,ok,focus,MLL,195,4,0.106,29,0,29,572,0,0,2048,0.000,0.000,auto,30,0.011,1073741824,0,
family,wide-m4,28,0,wide-m4/28,classical,auto,1,,300,1,3,provable,proved,,ok,focus,MLL,195,4,0.108,29,0,29,572,0,0,2048,0.000,0.000,auto,30,0.012,1073741824,0,
family,wide-m4,28,0,wide-m4/28,classical,auto,1,,300,2,3,provable,proved,,ok,focus,MLL,195,4,0.108,29,0,29,572,0,0,2048,0.000,0.000,auto,30,0.012,1073741824,0,
file,partition-table,,,partition-table/1-1,classical,auto,1,,300,0,3,provable,proved,,ok,net,MLL,28,2,0.045,15,0,0,0,20,20,2048,0.000,0.000,auto,30,0.003,1073741824,0,
file,partition-table,,,partition-table/1-1,classical,auto,1,,300,1,3,provable,proved,,ok,net,MLL,28,2,0.048,15,0,0,0,20,20,2048,0.000,0.000,auto,30,0.003,1073741824,0,
file,partition-table,,,partition-table/1-1,classical,auto,1,,300,2,3,provable,proved,,ok,net,MLL,28,2,0.042,15,0,0,0,20,20,2048,0.000,0.000,auto,30,0.004,1073741824,0,
file,partition-table,,,partition-table/1-3,classical,auto,1,,300,0,3,unprovable,unprovable,,,focus,MLL,44,4,0.046,13,4,9,59,0,0,2048,0.000,0.000,auto,30,,1073741824,0,
file,partition-table,,,partition-table/1-3,classical,auto,1,,300,1,3,unprovable,unprovable,,,focus,MLL,44,4,0.043,13,4,9,59,0,0,2048,0.000,0.000,auto,30,,1073741824,0,
file,partition-table,,,partition-table/1-3,classical,auto,1,,300,2,3,unprovable,unprovable,,,focus,MLL,44,4,0.045,13,4,9,59,0,0,2048,0.000,0.000,auto,30,,1073741824,0,
file,partition-table,,,partition-table/2-1-1,classical,auto,1,,300,0,3,provable,proved,,ok,focus,MLL,50,4,0.055,15,2,13,57,0,0,2048,0.000,0.000,auto,30,0.005,1073741824,0,
file,partition-table,,,partition-table/2-1-1,classical,auto,1,,300,1,3,provable,proved,,ok,focus,MLL,50,4,0.057,15,2,13,57,0,0,2048,0.000,0.061,auto,30,0.005,1073741824,0,
file,partition-table,,,partition-table/2-1-1,classical,auto,1,,300,2,3,provable,proved,,ok,focus,MLL,50,4,0.062,15,2,13,57,0,0,2048,0.000,0.000,auto,30,0.005,1073741824,0,
file,partition-table,,,partition-table/1-1-4,classical,auto,1,,300,0,3,unprovable,unprovable,,,focus,MLL,66,6,0.072,55,28,27,233,0,0,2048,0.000,0.000,auto,30,,1073741824,0,
file,partition-table,,,partition-table/1-1-4,classical,auto,1,,300,1,3,unprovable,unprovable,,,focus,MLL,66,6,0.070,55,28,27,233,0,0,2048,0.000,0.000,auto,30,,1073741824,0,
file,partition-table,,,partition-table/1-1-4,classical,auto,1,,300,2,3,unprovable,unprovable,,,focus,MLL,66,6,0.069,55,28,27,233,0,0,2048,0.000,0.000,auto,30,,1073741824,0,
file,partition-table,,,partition-table/2-2-1-1,classical,auto,1,,300,0,3,provable,proved,,ok,focus,MLL,72,6,0.069,28,7,21,124,0,0,2048,0.000,0.000,auto,30,0.006,1073741824,0,
file,partition-table,,,partition-table/2-2-1-1,classical,auto,1,,300,1,3,provable,proved,,ok,focus,MLL,72,6,0.072,28,7,21,124,0,0,2048,0.000,0.000,auto,30,0.006,1073741824,0,
file,partition-table,,,partition-table/2-2-1-1,classical,auto,1,,300,2,3,provable,proved,,ok,focus,MLL,72,6,0.077,28,7,21,124,0,0,2048,0.000,0.000,auto,30,0.005,1073741824,0,
file,partition-table,,,partition-table/1-2-5,classical,auto,1,,300,0,3,unprovable,unprovable,,,focus,MLL,82,8,0.076,55,28,27,251,0,0,2048,0.000,0.000,auto,30,,1073741824,0,
file,partition-table,,,partition-table/1-2-5,classical,auto,1,,300,1,3,unprovable,unprovable,,,focus,MLL,82,8,0.074,55,28,27,251,0,0,2048,0.000,0.000,auto,30,,1073741824,0,
file,partition-table,,,partition-table/1-2-5,classical,auto,1,,300,2,3,unprovable,unprovable,,,focus,MLL,82,8,0.073,55,28,27,251,0,0,2048,0.000,0.000,auto,30,,1073741824,0,
file,partition-table,,,partition-table/1-1-2-4,classical,auto,1,,300,0,3,provable,proved,,ok,focus,MLL,88,8,0.059,11,0,11,39,0,0,2048,0.000,0.000,auto,30,0.006,1073741824,0,
file,partition-table,,,partition-table/1-1-2-4,classical,auto,1,,300,1,3,provable,proved,,ok,focus,MLL,88,8,0.055,11,0,11,39,0,0,2048,0.000,0.000,auto,30,0.006,1073741824,0,
file,partition-table,,,partition-table/1-1-2-4,classical,auto,1,,300,2,3,provable,proved,,ok,focus,MLL,88,8,0.058,11,0,11,39,0,0,2048,0.000,0.000,auto,30,0.006,1073741824,0,
file,partition-table,,,partition-table/1-1-1-5,classical,auto,1,,300,0,3,unprovable,unprovable,,,focus,MLL,88,8,0.138,217,136,81,863,0,0,2048,0.000,0.000,auto,30,,1073741824,0,
file,partition-table,,,partition-table/1-1-1-5,classical,auto,1,,300,1,3,unprovable,unprovable,,,focus,MLL,88,8,0.149,217,136,81,863,0,0,2048,0.000,0.000,auto,30,,1073741824,0,
file,partition-table,,,partition-table/1-1-1-5,classical,auto,1,,300,2,3,unprovable,unprovable,,,focus,MLL,88,8,0.136,217,136,81,863,0,0,2048,0.000,0.000,auto,30,,1073741824,0,
file,partition-table,,,partition-table/2-3-2-1,classical,auto,1,,300,0,3,provable,proved,,ok,focus,MLL,88,8,0.070,28,7,21,132,0,0,2048,0.000,0.000,auto,30,0.006,1073741824,0,
file,partition-table,,,partition-table/2-3-2-1,classical,auto,1,,300,1,3,provable,proved,,ok,focus,MLL,88,8,0.069,28,7,21,132,0,0,2048,0.000,0.000,auto,30,0.006,1073741824,0,
file,partition-table,,,partition-table/2-3-2-1,classical,auto,1,,300,2,3,provable,proved,,ok,focus,MLL,88,8,0.078,28,7,21,132,0,0,2048,0.000,0.000,auto,30,0.007,1073741824,0,
file,partition-table,,,partition-table/3-3-3-1,classical,auto,1,,300,0,3,unprovable,unprovable,,,focus,MLL,104,10,0.158,217,136,81,939,0,0,2048,0.000,0.000,auto,30,,1073741824,0,
file,partition-table,,,partition-table/3-3-3-1,classical,auto,1,,300,1,3,unprovable,unprovable,,,focus,MLL,104,10,0.141,217,136,81,939,0,0,2048,0.000,0.000,auto,30,,1073741824,0,
file,partition-table,,,partition-table/3-3-3-1,classical,auto,1,,300,2,3,unprovable,unprovable,,,focus,MLL,104,10,0.142,217,136,81,939,0,0,2048,0.000,0.000,auto,30,,1073741824,0,
file,partition-table,,,partition-table/1-2-3-4-5-5,classical,auto,1,,300,0,3,provable,proved,,ok,focus,MLL,196,20,0.092,21,2,19,127,0,0,2048,0.000,0.000,auto,30,0.012,1073741824,0,
file,partition-table,,,partition-table/1-2-3-4-5-5,classical,auto,1,,300,1,3,provable,proved,,ok,focus,MLL,196,20,0.092,21,2,19,127,0,0,2048,0.000,0.000,auto,30,0.012,1073741824,0,
file,partition-table,,,partition-table/1-2-3-4-5-5,classical,auto,1,,300,2,3,provable,proved,,ok,focus,MLL,196,20,0.091,21,2,19,127,0,0,2048,0.000,0.000,auto,30,0.012,1073741824,0,
file,partition-table,,,partition-table/1-1-1-1-1-7,classical,auto,1,,300,0,3,unprovable,unprovable,,,focus,MLL,132,12,1.122,2917,2188,729,10691,0,0,2048,0.000,0.000,auto,30,,1073741824,0,
file,partition-table,,,partition-table/1-1-1-1-1-7,classical,auto,1,,300,1,3,unprovable,unprovable,,,focus,MLL,132,12,1.119,2917,2188,729,10691,0,0,2048,0.000,0.000,auto,30,,1073741824,0,
file,partition-table,,,partition-table/1-1-1-1-1-7,classical,auto,1,,300,2,3,unprovable,unprovable,,,focus,MLL,132,12,1.116,2917,2188,729,10691,0,0,2048,0.000,0.000,auto,30,,1073741824,0,
file,partition-table,,,partition-table/2-2-2-2-2-2-9-1,classical,auto,1,,300,0,3,provable,proved,,ok,focus,MLL,224,22,0.134,45,12,33,298,0,0,2048,0.000,0.000,auto,30,0.016,1073741824,0,
file,partition-table,,,partition-table/2-2-2-2-2-2-9-1,classical,auto,1,,300,1,3,provable,proved,,ok,focus,MLL,224,22,0.118,45,12,33,298,0,0,2048,0.000,0.000,auto,30,0.014,1073741824,0,
file,partition-table,,,partition-table/2-2-2-2-2-2-9-1,classical,auto,1,,300,2,3,provable,proved,,ok,focus,MLL,224,22,0.121,45,12,33,298,0,0,2048,0.000,0.000,auto,30,0.014,1073741824,0,
file,chain-over,,,chain-over/12,intuitionistic,auto,1,,300,0,3,unprovable,unknown,copy_bound,,two-sided,ILL,76,2,0.207,96,37,32,414,0,0,2048,0.000,0.032,auto,30,,1073741824,3,
file,chain-over,,,chain-over/12,intuitionistic,auto,1,,300,1,3,unprovable,unknown,copy_bound,,two-sided,ILL,76,2,0.179,96,37,32,414,0,0,2048,0.000,0.010,auto,30,,1073741824,3,
file,chain-over,,,chain-over/12,intuitionistic,auto,1,,300,2,3,unprovable,unknown,copy_bound,,two-sided,ILL,76,2,0.204,96,37,32,414,0,0,2048,0.000,0.032,auto,30,,1073741824,3,
file,cancellation,,,cancellation/3-partition-4,classical,auto,1,,300,0,3,provable,proved,,ok,focus,MALL,123,8,0.297,925,713,212,2794,0,0,2048,0.000,0.000,auto,30,0.002,1073741824,0,
file,cancellation,,,cancellation/3-partition-4,classical,auto,1,,300,1,3,provable,proved,,ok,focus,MALL,123,8,0.303,925,713,212,2794,0,0,2048,0.000,0.000,auto,30,0.001,1073741824,0,
file,cancellation,,,cancellation/3-partition-4,classical,auto,1,,300,2,3,provable,proved,,ok,focus,MALL,123,8,0.305,925,713,212,2794,0,0,2048,0.000,0.000,auto,30,0.001,1073741824,0,
